Link Name,Center of Mass X,Center of Mass Y,Center of Mass Z,Center of Mass Roll,Center of Mass Pitch,Center of Mass Yaw,Mass,Moment Ixx,Moment Ixy,Moment Ixz,Moment Iyy,Moment Iyz,Moment Izz,Visual X,Visual Y,Visual Z,Visual Roll,Visual Pitch,Visual Yaw,Mesh Filename,Color Red,Color Green,Color Blue,Color Alpha,Collision X,Collision Y,Collision Z,Collision Roll,Collision Pitch,Collision Yaw,Collision Mesh Filename,Material Name,SW Components,Coordinate System,Axis Name,Joint Name,Joint Type,Joint Origin X,Joint Origin Y,Joint Origin Z,Joint Origin Roll,Joint Origin Pitch,Joint Origin Yaw,Parent,Joint Axis X,Joint Axis Y,Joint Axis Z,Limit Effort,Limit Velocity,Limit Lower,Limit Upper,Calibration rising,Calibration falling,Dynamics Damping,Dynamics Friction,Safety Soft Upper,Safety Soft Lower,Safety K Position,Safety K Velocity
Chassis,-0.000875070210440962,6.42281366980413E-16,-0.034577652752084,0,0,0,0.234894296463946,0.000115001933762149,-1.63135571397851E-09,7.95197823967419E-09,0.000184672216701739,5.99846296990215E-19,0.000248569488162644,0,0,0,0,0,0,package://4WD Car Chassis URDF/meshes/Chassis.STL,0.792156862745098,0.819607843137255,0.933333333333333,1,0,0,0,0,0,0,package://4WD Car Chassis URDF/meshes/Chassis.STL,,250X130X60 0.5MM CHASIS-1;Motor-3;Motor-4;Motor-2;Motor-1,Coordinate System3,,,,0,0,0,0,0,0,,0,0,0,,,,,,,,,,,,
"Left Front ",9.1734E-07,-2.4531E-06,0.0010255,0,0,0,0.14062,0.00013528,-7.8145E-10,-3.1179E-09,0.00013528,8.3378E-09,0.00024256,0,0,0,0,0,0,package://4WD Car Chassis URDF/meshes/Left Front .STL,0.79216,0.81961,0.93333,1,0,0,0,0,0,0,package://4WD Car Chassis URDF/meshes/Left Front .STL,,100x40 White Wheel and Rubber Grip-2,Coordinate System4,Axis1,left front,continuous,0.064,0.099737,-0.03777,1.5708,0,0,Chassis,0,0,1,10,10,,,,,0.1,0.1,,,,
Left Back,-8.9283E-12,-2.619E-06,0.0010255,0,0,0,0.14062,0.00013528,7.3069E-15,6.0028E-14,0.00013528,8.9016E-09,0.00024256,0,0,0,0,0,0,package://4WD Car Chassis URDF/meshes/Left Back.STL,0.79216,0.81961,0.93333,1,0,0,0,0,0,0,package://4WD Car Chassis URDF/meshes/Left Back.STL,,100x40 White Wheel and Rubber Grip-1,Coordinate System6,Axis2,left back,continuous,-0.066,0.099737,-0.03777,1.5708,0,0,Chassis,0,0,-1,10,10,,,,,0.1,0.1,,,,
Right Front,8.9292E-12,-2.619E-06,-0.0010255,0,0,0,0.14062,0.00013528,-7.3069E-15,6.0029E-14,0.00013528,-8.9016E-09,0.00024256,0,0,0,0,0,0,package://4WD Car Chassis URDF/meshes/Right Front.STL,0.79216,0.81961,0.93333,1,0,0,0,0,0,0,package://4WD Car Chassis URDF/meshes/Right Front.STL,,100x40 White Wheel and Rubber Grip-4,Coordinate System7,Axis3,right front,continuous,0.064,-0.099737,-0.03777,1.5708,0,0,Chassis,0,0,-1,10,10,,,,,0.1,0.1,,,,
Right Back,8.9291E-12,-2.619E-06,-0.0010255,0,0,0,0.14062,0.00013528,-7.3069E-15,6.0029E-14,0.00013528,-8.9016E-09,0.00024256,0,0,0,0,0,0,package://4WD Car Chassis URDF/meshes/Right Back.STL,0.79216,0.81961,0.93333,1,0,0,0,0,0,0,package://4WD Car Chassis URDF/meshes/Right Back.STL,,100x40 White Wheel and Rubber Grip-3,Coordinate System8,Axis4,right back,continuous,-0.066,-0.099737,-0.03777,1.5708,0,0,Chassis,0,0,-1,10,10,,,,,0.1,0.1,,,,
